{
  "scene": {
    "native": false
  },
  "gizmos-infos": {
    "is2D": false,
    "is3DIcon": false,
    "iconSize": 2,
    "gridVisible": true,
    "gridColor": [
      150,
      150,
      150,
      255
    ],
    "isIconGizmo3D": false,
    "iconGizmoSize": 2,
    "isGridVisible": true
  },
  "float-window": {
    "position": {
      "cc": {
        "Camera": {
          "dock": false,
          "top": null,
          "bottom": 10,
          "left": null,
          "right": 10
        }
      }
    }
  },
  "camera": {
    "fov": 45,
    "far": 10000,
    "near": 0.01,
    "color": [
      48,
      48,
      48,
      255
    ],
    "wheelSpeed": 0.01,
    "wanderSpeed": 10,
    "enableAcceleration": true,
    "far2D": 10000,
    "near2D": 1,
    "wheelSpeed2D": 6,
    "size": "__default_design__"
  },
  "camera-infos": {
    "f46876e4-e81b-4931-b493-6d367be385e7": {
      "position": {
        "x": 50,
        "y": 50,
        "z": 50
      },
      "rotation": {
        "x": -0.27984814233312133,
        "y": 0.3647051996310009,
        "z": 0.11591689595929514,
        "w": 0.8804762392171493
      },
      "viewCenter": {
        "x": 0,
        "y": 0,
        "z": 0
      }
    },
    "320f136c-675f-428c-afec-da5a2dcac335": {
      "position": {
        "x": 10.527825663570912,
        "y": 5.41198149476564,
        "z": 18.55730343357243
      },
      "rotation": {
        "x": -0.07281475066098879,
        "y": 0.11387638510186965,
        "z": 0.008368978658540038,
        "w": 0.9907876367812234
      },
      "viewCenter": {
        "x": -1.270744399520943,
        "y": -2.2734203754429414,
        "z": -32.09170892267151
      }
    }
  },
  "camera-uuids": [
    "320f136c-675f-428c-afec-da5a2dcac335"
  ],
  "game-view": {
    "scaleValue": 100,
    "sliderValue": 50
  }
}
