{
  "scene": {
    "native": false
  },
  "gizmos-infos": {
    "is2D": false,
    "is3DIcon": false,
    "iconSize": 2,
    "gridVisible": true,
    "gridColor": [
      150,
      150,
      150,
      255
    ],
    "isIconGizmo3D": false,
    "iconGizmoSize": 2,
    "isGridVisible": true
  },
  "float-window": {
    "position": {
      "cc": {
        "Camera": {
          "dock": false,
          "top": null,
          "bottom": 10,
          "left": null,
          "right": 10
        }
      }
    }
  },
  "camera": {
    "fov": 45,
    "far": 10000,
    "near": 0.01,
    "color": [
      48,
      48,
      48,
      255
    ],
    "wheelSpeed": 0.01,
    "wanderSpeed": 10,
    "enableAcceleration": true,
    "far2D": 10000,
    "near2D": 1,
    "wheelSpeed2D": 6,
    "size": "__default_design__"
  },
  "camera-infos": {
    "f46876e4-e81b-4931-b493-6d367be385e7": {
      "position": {
        "x": 50,
        "y": 50,
        "z": 50
      },
      "rotation": {
        "x": -0.27984814233312133,
        "y": 0.3647051996310009,
        "z": 0.11591689595929514,
        "w": 0.8804762392171493
      },
      "viewCenter": {
        "x": 0,
        "y": 0,
        "z": 0
      }
    },
    "320f136c-675f-428c-afec-da5a2dcac335": {
      "position": {
        "x": 7.197458112711044,
        "y": 2.296380079059331,
        "z": -4.19725690523737
      },
      "rotation": {
        "x": -0.039216649296546335,
        "y": 0.7624540255058099,
        "z": 0.04641678598806606,
        "w": 0.6441827344678492
      },
      "viewCenter": {
        "x": -7.029754548640622,
        "y": 0.5329248017989576,
        "z": -1.7877488333160674
      }
    }
  },
  "camera-uuids": [
    "320f136c-675f-428c-afec-da5a2dcac335"
  ],
  "game-view": {
    "scaleValue": 100,
    "sliderValue": 50
  }
}
